<?xml version="1.0" encoding="UTF-8"?>
<GenRun Id="clk_wiz_0_synth_1" LaunchPart="xc7z010clg400-1" LaunchTime="1702521304">
  <File Type="PA-TCL" Name="clk_wiz_0.tcl"/>
  <File Type="RDS-PROPCONSTRS" Name="clk_wiz_0_drc_synth.rpt"/>
  <File Type="REPORTS-TCL" Name="clk_wiz_0_reports.tcl"/>
  <File Type="RDS-RDS" Name="clk_wiz_0.vds"/>
  <File Type="RDS-UTIL" Name="clk_wiz_0_utilization_synth.rpt"/>
  <File Type="RDS-UTIL-PB" Name="clk_wiz_0_utilization_synth.pb"/>
  <File Type="RDS-DCP" Name="clk_wiz_0.dcp"/>
  <File Type="VDS-TIMINGSUMMARY" Name="clk_wiz_0_timing_summary_synth.rpt"/>
  <File Type="VDS-TIMING-PB" Name="clk_wiz_0_timing_summary_synth.pb"/>
  <FileSet Name="sources" Type="BlockSrcs" RelSrcDir="$PSRCDIR/clk_wiz_0">
    <File Path="$PSRCDIR/sources_1/ip/clk_wiz_0/clk_wiz_0.xci">
      <FileInfo>
        <Attr Name="ImportPath" Val="$PPRDIR/../lab7v2/lab7v2.srcs/sources_1/ip/clk_wiz_0/clk_wiz_0.xci"/>
        <Attr Name="ImportTime" Val="1702446857"/>
        <Attr Name="UsedIn" Val="synthesis"/>
        <Attr Name="UsedIn" Val="implementation"/>
        <Attr Name="UsedIn" Val="simulation"/>
      </FileInfo>
    </File>
    <Config>
      <Option Name="TopModule" Val="clk_wiz_0"/>
      <Option Name="UseBlackboxStub" Val="1"/>
    </Config>
  </FileSet>
  <FileSet Name="constrs_in" Type="BlockSrcs" RelSrcDir="$PSRCDIR/clk_wiz_0">
    <File Path="$PSRCDIR/sources_1/ip/clk_wiz_0/clk_wiz_0.xci">
      <FileInfo>
        <Attr Name="ImportPath" Val="$PPRDIR/../lab7v2/lab7v2.srcs/sources_1/ip/clk_wiz_0/clk_wiz_0.xci"/>
        <Attr Name="ImportTime" Val="1702446857"/>
        <Attr Name="UsedIn" Val="synthesis"/>
        <Attr Name="UsedIn" Val="implementation"/>
        <Attr Name="UsedIn" Val="simulation"/>
      </FileInfo>
    </File>
    <Config>
      <Option Name="TopModule" Val="clk_wiz_0"/>
      <Option Name="UseBlackboxStub" Val="1"/>
    </Config>
  </FileSet>
  <FileSet Name="utils" Type="Utils" RelSrcDir="$PSRCDIR/utils_1">
    <Filter Type="Utils"/>
    <File Path="$PSRCDIR/utils_1/imports/synth_1/simon_game_top.dcp">
      <FileInfo>
        <Attr Name="ImportPath" Val="$PPRDIR/../FinalProject/FinalProject.srcs/utils_1/imports/synth_1/simon_game_top.dcp"/>
        <Attr Name="ImportTime" Val="1702262766"/>
        <Attr Name="UsedIn" Val="synthesis"/>
        <Attr Name="UsedIn" Val="implementation"/>
        <Attr Name="UsedInSteps" Val="synth_1"/>
        <Attr Name="AutoDcp" Val="1"/>
      </FileInfo>
    </File>
    <Config>
      <Option Name="TopAutoSet" Val="TRUE"/>
    </Config>
  </FileSet>
  <Strategy Version="1" Minor="2">
    <StratHandle Name="Vivado Synthesis Defaults" Flow="Vivado Synthesis 2022"/>
    <Step Id="synth_design"/>
  </Strategy>
</GenRun>
